{"iteration":3,"train/loss_consistency":0.27224111557006836,"train/lambda_d":0.00033689734995427336,"train/learning_rate":0.01,"train/lambda_c":0.006737946999085467,"_wandb":{"runtime":30},"train/loss":0.7963974475860596,"_runtime":26.517424779,"_timestamp":1.7509967521168044e+09,"train/loss_hcc":0.001359119196422398,"train/loss_coral":0.003107748692855239,"train/loss_supervised":1.5888522863388062,"train/lambda_hcc":0.1,"_step":2}