{"train/learning_rate":0.01,"train/lambda_d":0.05,"train/loss":0.025940461084246635,"_runtime":27497.551053702,"train/loss_coral":0.0032215495593845844,"_step":12022,"iteration":12000,"_timestamp":1.7510244424234612e+09,"train/loss_consistency":0.008082370273768902,"val/dice":0.8802691192321619,"train/lambda_c":1,"_wandb":{"runtime":27497},"train/lambda_hcc":0.1,"val/best_dice":0.8809758565730144,"train/loss_supervised":0.03511607646942139,"train/loss_hcc":0.0013897414319217205}