{"_timestamp":1.750988363452945e+09,"train/lambda_c":1,"iteration":15000,"_runtime":32720.091979418,"train/loss":0.021808218210935593,"train/lambda_d":0.05,"val/dice":0.8814108645753065,"train/loss_supervised":0.023181796073913574,"_wandb":{"runtime":32720},"train/loss_consistency":0.010151991620659828,"_step":15028,"train/loss_coral":0.0013065654784440994,"val/best_dice":0.8836107151799251,"train/learning_rate":0.01}