{"_step":2,"train/loss_coral":0.0030879229307174683,"train/lambda_d":0.00033689734995427336,"_wandb":{"runtime":26},"train/lambda_hcc":0.1,"train/loss":0.796364963054657,"train/loss_consistency":0.27233409881591797,"train/loss_supervised":1.5887864828109741,"train/loss_hcc":0.0013572339667007327,"_timestamp":1.7509967951183565e+09,"_runtime":25.527740733,"train/lambda_c":0.006737946999085467,"train/learning_rate":0.01,"iteration":3}